<keymap version="1" name="macOS copy" parent="Mac OS X 10.5+">
  <action id="ActivateBookmarksToolWindow" />
  <action id="ActivateDatabaseToolWindow">
    <keyboard-shortcut first-keystroke="meta 3" />
    <keyboard-shortcut first-keystroke="ctrl 3" />
  </action>
  <action id="ActivateFindToolWindow" />
  <action id="ActivateProjectToolWindow">
    <keyboard-shortcut first-keystroke="ctrl 1" />
  </action>
  <action id="ActivateRunToolWindow" />
  <action id="ActivateStructureToolWindow">
    <keyboard-shortcut first-keystroke="meta 7" />
    <keyboard-shortcut first-keystroke="ctrl 2" />
  </action>
  <action id="CommentByBlockComment">
    <keyboard-shortcut first-keystroke="meta alt slash" />
    <keyboard-shortcut first-keystroke="meta alt divide" />
    <keyboard-shortcut first-keystroke="shift ctrl slash" />
    <keyboard-shortcut first-keystroke="shift ctrl divide" />
    <keyboard-shortcut first-keystroke="shift meta slash" />
    <keyboard-shortcut first-keystroke="shift meta divide" />
    <keyboard-shortcut first-keystroke="shift meta divide" />
    <keyboard-shortcut first-keystroke="meta 2" />
  </action>
  <action id="CommentByLineComment">
    <keyboard-shortcut first-keystroke="meta slash" />
    <keyboard-shortcut first-keystroke="meta divide" />
    <keyboard-shortcut first-keystroke="meta 1" />
  </action>
  <action id="CompareTwoFiles" />
  <action id="Console.TableResult.CloneRow">
    <keyboard-shortcut first-keystroke="shift meta d" />
  </action>
  <action id="Console.TableResult.CompareCells" />
  <action id="DatabaseView.CopyAction">
    <keyboard-shortcut first-keystroke="shift meta d" />
  </action>
  <action id="Diff.ShowDiff" />
  <action id="Diff.ShowSettingsPopup" />
  <action id="DuplicatesForm.SendToLeft" />
  <action id="DuplicatesForm.SendToRight" />
  <action id="EditorDeleteLine">
    <keyboard-shortcut first-keystroke="meta back_space" />
    <keyboard-shortcut first-keystroke="meta d" />
  </action>
  <action id="EditorDuplicate">
    <keyboard-shortcut first-keystroke="shift meta d" />
  </action>
  <action id="FileChooser.GotoDesktop" />
  <action id="FileChooser.GotoHome" />
  <action id="FileChooser.GotoModule" />
  <action id="FileChooser.GotoProject" />
  <action id="Generate">
    <keyboard-shortcut first-keystroke="meta n" />
    <keyboard-shortcut first-keystroke="ctrl enter" />
    <keyboard-shortcut first-keystroke="meta 4" />
  </action>
  <action id="GotoBookmark1" />
  <action id="GotoBookmark2" />
  <action id="GotoBookmark3" />
  <action id="RunDashboard.CopyConfiguration">
    <keyboard-shortcut first-keystroke="shift meta d" />
  </action>
  <action id="SendEOF" />
  <action id="Uml.ShowDiff" />
  <action id="XDebugger.CopyWatch">
    <keyboard-shortcut first-keystroke="shift meta d" />
  </action>
</keymap>